<?xml version="1.0" encoding="UTF-8"?>
<project-private xmlns="http://www.netbeans.org/ns/project-private/1">
    <editor-bookmarks xmlns="http://www.netbeans.org/ns/editor-bookmarks/2" lastBookmarkId="0"/>
    <open-files xmlns="http://www.netbeans.org/ns/projectui-open-files/2">
        <group>
            <file>file:/C:/Users/angel/Desktop/CardGame/src/Main/Card.java</file>
            <file>file:/C:/Users/angel/Desktop/CardGame/src/Main/Player.java</file>
            <file>file:/C:/Users/angel/Desktop/CardGame/src/Main/Controller.java</file>
            <file>file:/C:/Users/angel/Desktop/CardGame/src/Main/CardDeck.java</file>
            <file>file:/C:/Users/angel/Desktop/CardGame/src/Main/CardGame.java</file>
        </group>
    </open-files>
</project-private>
